GENDER,MIN_F0,MAX_F0,MEAN_F0,ACCURACY
MALE,81.12244897959180,474.7326203208560,126.7625389643340,90.0979325353645
FEMALE,116.05839416058400,311.7647058823530,194.73242015053100,86.189683860233